##,Player,GS,MIN,FG,FGA,3PT,3PTA,FT,FTA,ORB,DRB,REB,PF,A,TO,BLK,STL,PTS,score,date,court,result
1,"1 Matthews, Charles",*,29,9,14,1,3,4,7,1,3,4,1,2,2,1,0,23,Grand Valley State 50 Michigan 82,11/03/17,home,W
22,"22 Robinson, Duncan",*,22,3,6,3,5,2,3,1,2,3,3,4,2,1,0,11,Grand Valley State 50 Michigan 82,11/03/17,home,W
13,"13 Wagner, Moritz",*,22,4,8,2,5,0,0,3,7,10,0,1,4,1,0,10,Grand Valley State 50 Michigan 82,11/03/17,home,W
3,"3 Simpson, Zavier",*,18,2,4,0,1,2,2,0,4,4,0,3,1,0,2,6,Grand Valley State 50 Michigan 82,11/03/17,home,W
12,"12 Abdur-Rahkman, M-A",*,25,2,8,1,4,0,0,1,2,3,1,1,1,0,0,5,Grand Valley State 50 Michigan 82,11/03/17,home,W
23,"23 Watson, Ibi",,10,3,5,1,2,1,1,0,2,2,2,0,1,0,0,8,Grand Valley State 50 Michigan 82,11/03/17,home,W
5,"5 Simmons, Jaaron",,15,2,4,1,1,0,0,2,2,4,1,3,0,0,0,5,Grand Valley State 50 Michigan 82,11/03/17,home,W
55,"55 Brooks, Eli",,15,2,4,1,3,0,2,0,1,1,1,2,0,0,0,5,Grand Valley State 50 Michigan 82,11/03/17,home,W
15,"15 Teske, Jon",,12,2,3,0,0,0,0,1,3,4,2,3,0,0,1,4,Grand Valley State 50 Michigan 82,11/03/17,home,W
25,"25 Ozeir, Naji",,2,1,1,1,1,0,0,0,0,0,0,0,0,0,0,3,Grand Valley State 50 Michigan 82,11/03/17,home,W
51,"51 Davis, Austin",,6,1,1,0,0,0,0,2,1,3,0,0,0,1,0,2,Grand Valley State 50 Michigan 82,11/03/17,home,W
4,"4 Livers, Isaiah",,16,0,1,0,1,0,0,1,2,3,1,1,0,0,0,0,Grand Valley State 50 Michigan 82,11/03/17,home,W
0,"0 Hibbitts, Brent",,4,0,0,0,0,0,0,0,1,1,0,0,0,0,0,0,Grand Valley State 50 Michigan 82,11/03/17,home,W
2,"2 Poole, Jordan",,2,0,0,0,0,0,1,0,0,0,0,1,0,0,0,0,Grand Valley State 50 Michigan 82,11/03/17,home,W
11,"11 Wilson, Luke",,2,0,1,0,0,0,0,0,0,0,1,0,1,0,0,0,Grand Valley State 50 Michigan 82,11/03/17,home,W
TM,0 TEAM,,0,0,0,0,0,0,0,0,1,1,0,0,0,0,0,0,Grand Valley State 50 Michigan 82,11/03/17,home,W
,Totals,-,200,31,60,11,26,9,16,12,31,43,13,21,12,4,3,82,Grand Valley State 50 Michigan 82,11/03/17,home,W
22,"22 Robinson, Duncan",*,33,7,13,4,7,3,3,3,4,7,1,3,1,1,2,21,North Florida 66 Michigan 86,11/11/17,home,W
1,"1 Matthews, Charles",*,31,9,19,1,3,1,4,3,1,4,2,3,2,1,2,20,North Florida 66 Michigan 86,11/11/17,home,W
13,"13 Wagner, Moritz",*,30,8,17,0,3,2,3,4,8,12,3,0,2,0,1,18,North Florida 66 Michigan 86,11/11/17,home,W
12,"12 Abdur-Rahkman, M-A",*,33,1,5,1,2,2,2,1,3,4,2,1,0,0,1,5,North Florida 66 Michigan 86,11/11/17,home,W
3,"3 Simpson, Zavier",*,18,1,2,1,2,0,0,0,3,3,1,9,2,0,2,3,North Florida 66 Michigan 86,11/11/17,home,W
23,"23 Watson, Ibi",,9,2,4,1,3,0,0,0,1,1,0,1,0,0,1,5,North Florida 66 Michigan 86,11/11/17,home,W
4,"4 Livers, Isaiah",,10,1,2,1,1,0,0,0,0,0,1,2,1,0,1,3,North Florida 66 Michigan 86,11/11/17,home,W
51,"51 Davis, Austin",,2,1,1,0,0,1,2,1,0,1,0,0,0,0,0,3,North Florida 66 Michigan 86,11/11/17,home,W
55,"55 Brooks, Eli",,14,1,4,0,3,0,0,0,0,0,0,0,1,0,1,2,North Florida 66 Michigan 86,11/11/17,home,W
5,"5 Simmons, Jaaron",,10,0,2,0,1,2,2,0,1,1,0,1,0,0,0,2,North Florida 66 Michigan 86,11/11/17,home,W
15,"15 Teske, Jon",,7,1,1,0,0,0,0,0,2,2,1,1,0,0,0,2,North Florida 66 Michigan 86,11/11/17,home,W
2,"2 Poole, Jordan",,3,1,1,0,0,0,0,0,0,0,1,0,1,0,1,2,North Florida 66 Michigan 86,11/11/17,home,W
TM,0 TEAM,,0,0,0,0,0,0,0,0,1,1,0,0,0,0,0,0,North Florida 66 Michigan 86,11/11/17,home,W
,Totals,-,200,33,71,9,25,11,16,12,24,36,12,21,10,2,12,86,North Florida 66 Michigan 86,11/11/17,home,W
12,"12 Abdur-Rahkman, M-A",*,37,7,15,3,9,0,0,1,2,3,0,4,0,0,1,17,Central Michigan 65 Michigan 72,11/13/17,home,W
1,"1 Matthews, Charles",*,37,6,12,1,6,0,0,1,2,3,1,2,1,1,1,13,Central Michigan 65 Michigan 72,11/13/17,home,W
3,"3 Simpson, Zavier",*,27,5,7,2,3,1,2,0,2,2,1,3,0,0,2,13,Central Michigan 65 Michigan 72,11/13/17,home,W
22,"22 Robinson, Duncan",*,34,3,10,2,8,2,2,0,1,1,3,3,2,0,0,10,Central Michigan 65 Michigan 72,11/13/17,home,W
13,"13 Wagner, Moritz",*,29,3,9,1,5,3,4,1,10,11,2,1,1,0,0,10,Central Michigan 65 Michigan 72,11/13/17,home,W
5,"5 Simmons, Jaaron",,14,2,4,1,2,0,0,1,1,2,2,1,0,0,0,5,Central Michigan 65 Michigan 72,11/13/17,home,W
15,"15 Teske, Jon",,10,0,0,0,0,4,4,0,1,1,1,0,0,2,1,4,Central Michigan 65 Michigan 72,11/13/17,home,W
4,"4 Livers, Isaiah",,6,0,2,0,1,0,0,2,0,2,0,0,0,0,0,0,Central Michigan 65 Michigan 72,11/13/17,home,W
23,"23 Watson, Ibi",,3,0,0,0,0,0,0,0,0,0,0,0,0,0,0,0,Central Michigan 65 Michigan 72,11/13/17,home,W
55,"55 Brooks, Eli",,3,0,0,0,0,0,0,0,0,0,1,0,0,0,0,0,Central Michigan 65 Michigan 72,11/13/17,home,W
TM,0 TEAM,,0,0,0,0,0,0,0,1,1,2,0,0,2,0,0,0,Central Michigan 65 Michigan 72,11/13/17,home,W
,Totals,-,200,26,59,10,34,10,12,7,20,27,11,14,6,3,5,72,Central Michigan 65 Michigan 72,11/13/17,home,W
12,"12 Abdur-Rahkman, M-A",*,37,6,14,2,7,0,0,1,3,4,0,4,1,0,1,14,Southern Mississippi 47 Michigan 61,11/16/17,home,W
22,"22 Robinson, Duncan",*,31,4,9,4,8,0,0,0,4,4,3,1,2,1,0,12,Southern Mississippi 47 Michigan 61,11/16/17,home,W
13,"13 Wagner, Moritz",*,24,4,8,0,2,4,4,1,5,6,1,0,1,0,0,12,Southern Mississippi 47 Michigan 61,11/16/17,home,W
1,"1 Matthews, Charles",*,27,2,4,1,3,1,2,0,3,3,2,2,2,0,1,6,Southern Mississippi 47 Michigan 61,11/16/17,home,W
3,"3 Simpson, Zavier",*,22,0,1,0,1,0,0,0,0,0,1,1,1,0,2,0,Southern Mississippi 47 Michigan 61,11/16/17,home,W
15,"15 Teske, Jon",,15,5,5,0,0,0,1,5,6,11,2,0,0,0,0,10,Southern Mississippi 47 Michigan 61,11/16/17,home,W
23,"23 Watson, Ibi",,13,2,4,1,2,0,0,1,1,2,0,0,0,1,1,5,Southern Mississippi 47 Michigan 61,11/16/17,home,W
5,"5 Simmons, Jaaron",,19,0,2,0,0,2,2,0,1,1,1,5,2,0,0,2,Southern Mississippi 47 Michigan 61,11/16/17,home,W
4,"4 Livers, Isaiah",,8,0,0,0,0,0,0,0,0,0,0,0,0,1,0,0,Southern Mississippi 47 Michigan 61,11/16/17,home,W
55,"55 Brooks, Eli",,3,0,0,0,0,0,0,0,0,0,0,0,0,0,0,0,Southern Mississippi 47 Michigan 61,11/16/17,home,W
51,"51 Davis, Austin",,1,0,0,0,0,0,0,0,0,0,0,0,0,0,0,0,Southern Mississippi 47 Michigan 61,11/16/17,home,W
TM,0 TEAM,,0,0,0,0,0,0,0,0,1,1,0,0,2,0,0,0,Southern Mississippi 47 Michigan 61,11/16/17,home,W
,Totals,-,200,23,47,8,23,7,9,8,24,32,10,13,11,3,5,61,Southern Mississippi 47 Michigan 61,11/16/17,home,W
1,"1 Matthews, Charles",*,33,10,17,1,2,7,10,6,2,8,3,3,2,0,0,28,Michigan 75 LSU 77,11/20/17,neutral,L
13,"13 Wagner, Moritz",*,32,9,14,3,7,3,5,2,5,7,3,0,1,0,3,24,Michigan 75 LSU 77,11/20/17,neutral,L
12,"12 Abdur-Rahkman, M-A",*,36,4,13,0,5,4,4,2,3,5,1,4,0,0,1,12,Michigan 75 LSU 77,11/20/17,neutral,L
22,"22 Robinson, Duncan",*,28,1,4,1,3,0,0,0,1,1,3,0,0,0,0,3,Michigan 75 LSU 77,11/20/17,neutral,L
3,"3 Simpson, Zavier",*,10,0,0,0,0,0,0,0,0,0,4,2,2,0,0,0,Michigan 75 LSU 77,11/20/17,neutral,L
55,"55 Brooks, Eli",,17,1,4,1,2,1,2,1,1,2,1,1,1,0,0,4,Michigan 75 LSU 77,11/20/17,neutral,L
4,"4 Livers, Isaiah",,12,1,2,0,1,0,0,1,1,2,0,0,0,0,1,2,Michigan 75 LSU 77,11/20/17,neutral,L
23,"23 Watson, Ibi",,8,1,4,0,2,0,0,0,0,0,3,0,0,0,0,2,Michigan 75 LSU 77,11/20/17,neutral,L
5,"5 Simmons, Jaaron",,15,0,1,0,1,0,0,0,1,1,1,1,1,0,0,0,Michigan 75 LSU 77,11/20/17,neutral,L
15,"15 Teske, Jon",,8,0,0,0,0,0,0,1,0,1,1,1,0,1,1,0,Michigan 75 LSU 77,11/20/17,neutral,L
2,"2 Poole, Jordan",,1,0,0,0,0,0,0,0,0,0,0,0,0,0,0,0,Michigan 75 LSU 77,11/20/17,neutral,L
TM,0 TEAM,,0,0,0,0,0,0,0,2,0,2,0,0,1,0,0,0,Michigan 75 LSU 77,11/20/17,neutral,L
,Totals,-,200,27,59,6,23,15,21,15,14,29,20,12,8,1,6,75,Michigan 75 LSU 77,11/20/17,neutral,L
1,"1 Matthews, Charles",*,29,8,8,2,2,4,5,2,8,10,2,4,2,3,2,22,Michigan 102 CHAMINADE 64,11/21/17,neutral,W
12,"12 Abdur-Rahkman, M-A",*,31,6,8,3,4,2,2,0,2,2,1,5,0,0,2,17,Michigan 102 CHAMINADE 64,11/21/17,neutral,W
22,"22 Robinson, Duncan",*,29,5,11,4,9,0,0,0,1,1,0,3,0,0,0,14,Michigan 102 CHAMINADE 64,11/21/17,neutral,W
13,"13 Wagner, Moritz",*,20,4,6,1,2,1,2,0,5,5,2,1,0,0,0,10,Michigan 102 CHAMINADE 64,11/21/17,neutral,W
55,"55 Brooks, Eli",*,21,1,5,1,5,2,2,0,2,2,1,2,1,1,1,5,Michigan 102 CHAMINADE 64,11/21/17,neutral,W
2,"2 Poole, Jordan",,9,3,5,2,3,2,2,0,1,1,1,1,2,0,1,10,Michigan 102 CHAMINADE 64,11/21/17,neutral,W
4,"4 Livers, Isaiah",,11,3,3,2,2,0,0,0,1,1,1,0,1,1,0,8,Michigan 102 CHAMINADE 64,11/21/17,neutral,W
15,"15 Teske, Jon",,14,3,3,0,0,0,3,1,3,4,1,0,0,1,0,6,Michigan 102 CHAMINADE 64,11/21/17,neutral,W
51,"51 Davis, Austin",,7,2,3,0,0,0,0,3,2,5,2,0,0,0,0,4,Michigan 102 CHAMINADE 64,11/21/17,neutral,W
3,"3 Simpson, Zavier",,11,1,2,0,1,0,0,0,1,1,0,4,0,0,2,2,Michigan 102 CHAMINADE 64,11/21/17,neutral,W
23,"23 Watson, Ibi",,4,1,1,0,0,0,0,0,0,0,0,2,1,0,1,2,Michigan 102 CHAMINADE 64,11/21/17,neutral,W
0,"0 Hibbitts, Brent",,3,0,0,0,0,2,2,0,0,0,0,0,0,0,0,2,Michigan 102 CHAMINADE 64,11/21/17,neutral,W
5,"5 Simmons, Jaaron",,11,0,2,0,0,0,0,0,0,0,1,0,1,0,0,0,Michigan 102 CHAMINADE 64,11/21/17,neutral,W
TM,0 TEAM,,0,0,0,0,0,0,0,0,1,1,0,0,0,0,0,0,Michigan 102 CHAMINADE 64,11/21/17,neutral,W
,Totals,-,200,37,57,15,28,13,18,6,27,33,12,22,8,6,9,102,Michigan 102 CHAMINADE 64,11/21/17,neutral,W
22,"22 Robinson, Duncan",*,36,7,13,2,8,2,2,3,2,5,1,0,2,1,0,18,VCU 60 Michigan 68,11/22/17,neutral,W
13,"13 Wagner, Moritz",*,24,5,10,1,3,1,1,2,7,9,4,0,2,0,2,12,VCU 60 Michigan 68,11/22/17,neutral,W
1,"1 Matthews, Charles",*,33,4,9,0,2,3,8,0,6,6,2,3,1,1,0,11,VCU 60 Michigan 68,11/22/17,neutral,W
12,"12 Abdur-Rahkman, M-A",*,40,4,11,2,5,0,0,0,5,5,2,4,0,0,2,10,VCU 60 Michigan 68,11/22/17,neutral,W
55,"55 Brooks, Eli",*,23,2,4,0,1,1,2,0,1,1,1,1,0,0,0,5,VCU 60 Michigan 68,11/22/17,neutral,W
15,"15 Teske, Jon",,16,3,4,0,0,2,5,1,3,4,1,0,1,2,1,8,VCU 60 Michigan 68,11/22/17,neutral,W
3,"3 Simpson, Zavier",,19,0,1,0,1,2,2,1,0,1,2,2,2,0,1,2,VCU 60 Michigan 68,11/22/17,neutral,W
23,"23 Watson, Ibi",,3,0,0,0,0,2,2,0,0,0,0,0,1,0,0,2,VCU 60 Michigan 68,11/22/17,neutral,W
4,"4 Livers, Isaiah",,4,0,0,0,0,0,0,0,1,1,0,0,1,0,0,0,VCU 60 Michigan 68,11/22/17,neutral,W
5,"5 Simmons, Jaaron",,2,0,1,0,0,0,0,0,0,0,1,0,0,0,0,0,VCU 60 Michigan 68,11/22/17,neutral,W
2,"2 Poole, Jordan",,0+,0,0,0,0,0,0,0,0,0,0,0,0,0,0,0,VCU 60 Michigan 68,11/22/17,neutral,W
TM,0 TEAM,,0,0,0,0,0,0,0,2,0,2,0,0,0,0,0,0,VCU 60 Michigan 68,11/22/17,neutral,W
,Totals,-,200,25,53,5,20,13,22,9,25,34,14,10,10,4,6,68,VCU 60 Michigan 68,11/22/17,neutral,W
13,"13 Wagner, Moritz",*,22,7,9,4,5,3,4,1,9,10,0,1,2,0,0,21,UC Riverside 42 Michigan 87,11/26/17,home,W
1,"1 Matthews, Charles",*,25,7,12,1,2,2,3,0,4,4,0,12,1,0,2,17,UC Riverside 42 Michigan 87,11/26/17,home,W
22,"22 Robinson, Duncan",*,25,5,8,2,4,1,2,3,2,5,0,0,0,0,4,13,UC Riverside 42 Michigan 87,11/26/17,home,W
55,"55 Brooks, Eli",*,18,3,6,2,4,0,0,2,2,4,0,2,1,1,0,8,UC Riverside 42 Michigan 87,11/26/17,home,W
12,"12 Abdur-Rahkman, M-A",*,27,1,2,0,1,0,0,0,4,4,0,5,1,1,1,2,UC Riverside 42 Michigan 87,11/26/17,home,W
2,"2 Poole, Jordan",,11,4,9,3,6,0,1,0,0,0,0,0,0,1,0,11,UC Riverside 42 Michigan 87,11/26/17,home,W
4,"4 Livers, Isaiah",,11,3,6,0,2,0,0,1,2,3,1,0,1,1,0,6,UC Riverside 42 Michigan 87,11/26/17,home,W
0,"0 Hibbitts, Brent",,4,2,3,1,1,0,0,1,1,2,1,0,0,1,0,5,UC Riverside 42 Michigan 87,11/26/17,home,W
23,"23 Watson, Ibi",,7,2,3,0,1,0,0,1,1,2,0,1,0,0,0,4,UC Riverside 42 Michigan 87,11/26/17,home,W
3,"3 Simpson, Zavier",,13,0,1,0,1,0,0,0,2,2,0,0,0,0,1,0,UC Riverside 42 Michigan 87,11/26/17,home,W
15,"15 Teske, Jon",,11,0,2,0,1,0,0,1,1,2,2,0,0,1,2,0,UC Riverside 42 Michigan 87,11/26/17,home,W
5,"5 Simmons, Jaaron",,7,0,0,0,0,0,0,0,0,0,0,2,3,0,0,0,UC Riverside 42 Michigan 87,11/26/17,home,W
51,"51 Davis, Austin",,7,0,1,0,0,0,0,0,4,4,2,0,1,1,0,0,UC Riverside 42 Michigan 87,11/26/17,home,W
11,"11 Wilson, Luke",,4,0,0,0,0,0,1,0,0,0,0,0,0,0,0,0,UC Riverside 42 Michigan 87,11/26/17,home,W
24,"24 Baird, CJ",,4,0,0,0,0,0,0,0,0,0,0,1,1,0,0,0,UC Riverside 42 Michigan 87,11/26/17,home,W
25,"25 Ozeir, Naji",,4,0,1,0,0,0,0,0,0,0,0,0,0,0,0,0,UC Riverside 42 Michigan 87,11/26/17,home,W
TM,0 TEAM,,0,0,0,0,0,0,0,0,2,2,0,0,0,0,0,0,UC Riverside 42 Michigan 87,11/26/17,home,W
,Totals,-,200,34,63,13,28,6,11,10,34,44,6,24,11,7,10,87,UC Riverside 42 Michigan 87,11/26/17,home,W
13,"13 Wagner, Moritz",*,34,9,13,1,3,1,2,2,7,9,1,3,1,1,2,20,Michigan 71 North Carolina 86,11/29/17,away,L
1,"1 Matthews, Charles",*,28,5,10,2,4,0,0,0,1,1,3,3,4,1,1,12,Michigan 71 North Carolina 86,11/29/17,away,L
55,"55 Brooks, Eli",*,18,1,5,1,4,1,2,1,2,3,0,2,1,0,1,4,Michigan 71 North Carolina 86,11/29/17,away,L
22,"22 Robinson, Duncan",*,21,1,6,1,5,0,0,1,1,2,3,2,0,1,0,3,Michigan 71 North Carolina 86,11/29/17,away,L
12,"12 Abdur-Rahkman, M-A",*,28,1,6,0,4,0,0,0,1,1,3,3,1,0,0,2,Michigan 71 North Carolina 86,11/29/17,away,L
4,"4 Livers, Isaiah",,18,4,7,1,2,0,0,3,2,5,3,1,0,0,1,9,Michigan 71 North Carolina 86,11/29/17,away,L
23,"23 Watson, Ibi",,12,3,7,1,4,0,1,1,1,2,0,0,0,0,0,7,Michigan 71 North Carolina 86,11/29/17,away,L
2,"2 Poole, Jordan",,12,1,6,1,5,1,2,0,0,0,1,0,0,1,1,4,Michigan 71 North Carolina 86,11/29/17,away,L
3,"3 Simpson, Zavier",,13,1,2,1,2,0,0,0,1,1,0,0,2,0,1,3,Michigan 71 North Carolina 86,11/29/17,away,L
5,"5 Simmons, Jaaron",,9,1,1,1,1,0,0,0,0,0,1,2,1,0,0,3,Michigan 71 North Carolina 86,11/29/17,away,L
15,"15 Teske, Jon",,4,0,2,0,0,2,4,0,1,1,0,0,0,0,1,2,Michigan 71 North Carolina 86,11/29/17,away,L
0,"0 Hibbitts, Brent",,1,1,1,0,0,0,0,1,0,1,1,0,0,0,0,2,Michigan 71 North Carolina 86,11/29/17,away,L
51,"51 Davis, Austin",,2,0,0,0,0,0,0,0,1,1,0,0,0,2,0,0,Michigan 71 North Carolina 86,11/29/17,away,L
TM,0 TEAM,,0,0,0,0,0,0,0,4,0,4,0,0,0,0,0,0,Michigan 71 North Carolina 86,11/29/17,away,L
,Totals,-,200,28,66,10,34,5,11,13,18,31,16,16,10,6,8,71,Michigan 71 North Carolina 86,11/29/17,away,L
13,"13 Wagner, Moritz",*,28,6,10,0,2,1,2,1,6,7,4,3,2,3,1,13,Indiana 55 Michigan 69,12/02/17,home,W
12,"12 Abdur-Rahkman, M-A",*,37,2,5,2,2,2,2,0,11,11,1,3,1,0,0,8,Indiana 55 Michigan 69,12/02/17,home,W
1,"1 Matthews, Charles",*,19,3,5,1,3,1,2,2,1,3,2,1,1,0,0,8,Indiana 55 Michigan 69,12/02/17,home,W
22,"22 Robinson, Duncan",*,24,2,10,2,9,0,0,0,3,3,4,2,0,0,1,6,Indiana 55 Michigan 69,12/02/17,home,W
55,"55 Brooks, Eli",*,22,2,4,1,2,0,0,0,1,1,0,6,0,0,2,5,Indiana 55 Michigan 69,12/02/17,home,W
2,"2 Poole, Jordan",,27,7,12,5,10,0,0,0,3,3,0,0,2,0,0,19,Indiana 55 Michigan 69,12/02/17,home,W
15,"15 Teske, Jon",,12,2,3,0,0,2,2,0,3,3,3,0,1,0,1,6,Indiana 55 Michigan 69,12/02/17,home,W
4,"4 Livers, Isaiah",,10,2,4,0,2,0,0,1,0,1,1,0,2,0,0,4,Indiana 55 Michigan 69,12/02/17,home,W
3,"3 Simpson, Zavier",,18,0,2,0,1,0,2,0,0,0,0,1,0,0,0,0,Indiana 55 Michigan 69,12/02/17,home,W
23,"23 Watson, Ibi",,3,0,0,0,0,0,0,0,0,0,0,0,1,0,0,0,Indiana 55 Michigan 69,12/02/17,home,W
TM,0 TEAM,,0,0,0,0,0,0,0,0,2,2,0,0,0,0,0,0,Indiana 55 Michigan 69,12/02/17,home,W
,Totals,-,200,26,55,11,31,6,10,4,30,34,15,16,10,3,5,69,Indiana 55 Michigan 69,12/02/17,home,W
13,"13 Wagner, Moritz",*,31,5,13,2,5,2,2,3,6,9,4,0,3,0,2,14,Michigan 62 Ohio State 71,12/04/17,away,L
12,"12 Abdur-Rahkman, M-A",*,37,3,10,1,4,4,4,2,3,5,3,3,0,0,1,11,Michigan 62 Ohio State 71,12/04/17,away,L
55,"55 Brooks, Eli",*,13,3,5,2,4,0,0,0,1,1,1,1,1,0,1,8,Michigan 62 Ohio State 71,12/04/17,away,L
1,"1 Matthews, Charles",*,32,2,9,0,3,0,0,1,2,3,3,3,2,0,0,4,Michigan 62 Ohio State 71,12/04/17,away,L
22,"22 Robinson, Duncan",*,30,1,7,1,5,0,0,0,2,2,5,2,0,0,0,3,Michigan 62 Ohio State 71,12/04/17,away,L
3,"3 Simpson, Zavier",,20,4,5,1,1,2,3,1,3,4,0,1,1,0,0,11,Michigan 62 Ohio State 71,12/04/17,away,L
2,"2 Poole, Jordan",,8,2,5,0,3,1,3,0,0,0,1,0,0,0,0,5,Michigan 62 Ohio State 71,12/04/17,away,L
15,"15 Teske, Jon",,9,1,2,0,0,1,1,2,1,3,2,0,1,0,0,3,Michigan 62 Ohio State 71,12/04/17,away,L
23,"23 Watson, Ibi",,3,1,2,1,2,0,0,0,0,0,0,0,0,0,0,3,Michigan 62 Ohio State 71,12/04/17,away,L
4,"4 Livers, Isaiah",,10,0,1,0,1,0,0,1,2,3,0,0,0,0,1,0,Michigan 62 Ohio State 71,12/04/17,away,L
5,"5 Simmons, Jaaron",,7,0,0,0,0,0,1,1,0,1,1,3,0,0,0,0,Michigan 62 Ohio State 71,12/04/17,away,L
TM,0 TEAM,,0,0,0,0,0,0,0,0,1,1,0,0,0,0,0,0,Michigan 62 Ohio State 71,12/04/17,away,L
,Totals,-,200,22,59,8,28,10,14,11,21,32,20,13,8,0,5,62,Michigan 62 Ohio State 71,12/04/17,away,L
13,"13 Wagner, Moritz",*,35,10,16,3,5,0,3,1,2,3,4,2,0,0,2,23,UCLA 69 Michigan 78,12/09/17,home,W
1,"1 Matthews, Charles",*,31,8,11,2,3,2,10,1,7,8,3,3,4,0,1,20,UCLA 69 Michigan 78,12/09/17,home,W
12,"12 Abdur-Rahkman, M-A",*,44,2,10,2,6,2,2,0,2,2,1,3,2,0,0,8,UCLA 69 Michigan 78,12/09/17,home,W
55,"55 Brooks, Eli",*,21,2,5,1,3,2,2,0,0,0,2,3,1,0,1,7,UCLA 69 Michigan 78,12/09/17,home,W
22,"22 Robinson, Duncan",*,34,1,7,0,5,0,0,0,2,2,3,2,1,0,4,2,UCLA 69 Michigan 78,12/09/17,home,W
3,"3 Simpson, Zavier",,24,6,9,2,2,1,2,0,2,2,1,0,2,0,4,15,UCLA 69 Michigan 78,12/09/17,home,W
15,"15 Teske, Jon",,10,1,1,0,0,0,0,2,0,2,2,0,0,0,0,2,UCLA 69 Michigan 78,12/09/17,home,W
2,"2 Poole, Jordan",,11,0,3,0,3,1,2,0,1,1,0,0,1,0,0,1,UCLA 69 Michigan 78,12/09/17,home,W
4,"4 Livers, Isaiah",,11,0,2,0,2,0,0,1,6,7,2,1,0,0,0,0,UCLA 69 Michigan 78,12/09/17,home,W
5,"5 Simmons, Jaaron",,4,0,0,0,0,0,1,0,0,0,0,1,0,0,0,0,UCLA 69 Michigan 78,12/09/17,home,W
TM,0 TEAM,,0,0,0,0,0,0,0,1,2,3,0,0,0,0,0,0,UCLA 69 Michigan 78,12/09/17,home,W
,Totals,-,225,30,64,10,29,8,22,6,24,30,18,15,11,0,12,78,UCLA 69 Michigan 78,12/09/17,home,W
12,"12 Abdur-Rahkman, M-A",*,36,7,15,2,4,1,2,4,6,10,3,1,2,1,0,17,Michigan 59 Texas 52,12/12/17,away,W
1,"1 Matthews, Charles",*,32,4,10,1,2,3,5,3,5,8,3,2,1,0,0,12,Michigan 59 Texas 52,12/12/17,away,W
13,"13 Wagner, Moritz",*,21,4,8,2,5,0,0,0,3,3,1,0,2,0,1,10,Michigan 59 Texas 52,12/12/17,away,W
22,"22 Robinson, Duncan",*,19,2,4,1,3,5,5,0,4,4,4,0,1,0,0,10,Michigan 59 Texas 52,12/12/17,away,W
55,"55 Brooks, Eli",*,14,0,2,0,1,0,0,0,3,3,0,1,0,0,0,0,Michigan 59 Texas 52,12/12/17,away,W
3,"3 Simpson, Zavier",,26,2,6,0,2,0,0,0,3,3,2,4,1,0,1,4,Michigan 59 Texas 52,12/12/17,away,W
2,"2 Poole, Jordan",,8,2,2,0,0,0,0,0,1,1,0,0,0,0,0,4,Michigan 59 Texas 52,12/12/17,away,W
4,"4 Livers, Isaiah",,22,1,5,0,2,0,0,1,2,3,3,0,1,0,0,2,Michigan 59 Texas 52,12/12/17,away,W
15,"15 Teske, Jon",,18,0,3,0,0,0,0,1,2,3,1,0,2,2,1,0,Michigan 59 Texas 52,12/12/17,away,W
23,"23 Watson, Ibi",,4,0,0,0,0,0,0,0,0,0,0,1,0,0,0,0,Michigan 59 Texas 52,12/12/17,away,W
TM,0 TEAM,,0,0,0,0,0,0,0,1,1,2,0,0,0,0,0,0,Michigan 59 Texas 52,12/12/17,away,W
,Totals,-,200,22,55,6,19,9,12,10,30,40,17,9,10,3,3,59,Michigan 59 Texas 52,12/12/17,away,W
1,"1 Matthews, Charles",*,24,8,16,1,3,3,5,0,7,7,2,0,1,1,2,20,Michigan 90 Detroit Mercy 58,12/16/17,neutral,W
15,"15 Teske, Jon",*,28,6,12,0,0,3,4,6,4,10,0,1,0,0,2,15,Michigan 90 Detroit Mercy 58,12/16/17,neutral,W
22,"22 Robinson, Duncan",*,21,4,5,3,4,0,0,0,1,1,2,0,1,0,0,11,Michigan 90 Detroit Mercy 58,12/16/17,neutral,W
55,"55 Brooks, Eli",*,14,1,4,1,3,1,2,0,2,2,2,2,1,1,0,4,Michigan 90 Detroit Mercy 58,12/16/17,neutral,W
12,"12 Abdur-Rahkman, M-A",*,26,1,6,0,2,0,1,0,6,6,0,2,0,0,1,2,Michigan 90 Detroit Mercy 58,12/16/17,neutral,W
3,"3 Simpson, Zavier",,19,5,7,2,2,0,0,1,4,5,0,7,0,0,3,12,Michigan 90 Detroit Mercy 58,12/16/17,neutral,W
2,"2 Poole, Jordan",,15,5,10,2,4,0,0,0,2,2,3,1,1,0,1,12,Michigan 90 Detroit Mercy 58,12/16/17,neutral,W
23,"23 Watson, Ibi",,10,2,3,2,3,1,2,1,1,2,1,2,1,0,2,7,Michigan 90 Detroit Mercy 58,12/16/17,neutral,W
51,"51 Davis, Austin",,7,2,3,0,0,0,0,0,0,0,5,0,1,1,0,4,Michigan 90 Detroit Mercy 58,12/16/17,neutral,W
5,"5 Simmons, Jaaron",,12,0,2,0,1,3,5,0,0,0,1,1,0,0,0,3,Michigan 90 Detroit Mercy 58,12/16/17,neutral,W
4,"4 Livers, Isaiah",,20,0,3,0,1,0,0,5,1,6,2,3,2,2,0,0,Michigan 90 Detroit Mercy 58,12/16/17,neutral,W
0,"0 Hibbitts, Brent",,4,0,1,0,0,0,0,0,0,0,0,0,1,0,0,0,Michigan 90 Detroit Mercy 58,12/16/17,neutral,W
TM,0 TEAM,,0,0,0,0,0,0,0,2,1,3,0,0,0,0,0,0,Michigan 90 Detroit Mercy 58,12/16/17,neutral,W
,Totals,-,200,34,72,11,23,11,19,15,29,44,18,19,9,5,11,90,Michigan 90 Detroit Mercy 58,12/16/17,neutral,W
1,"1 Matthews, Charles",*,26,12,15,2,5,5,7,0,2,2,2,4,3,0,1,31,Alabama A&M; 47 Michigan 97,12/21/17,home,W
22,"22 Robinson, Duncan",*,22,6,8,5,7,1,2,0,2,2,1,0,0,1,1,18,Alabama A&M; 47 Michigan 97,12/21/17,home,W
12,"12 Abdur-Rahkman, M-A",*,24,5,6,4,5,0,0,0,1,1,2,5,0,0,1,14,Alabama A&M; 47 Michigan 97,12/21/17,home,W
15,"15 Teske, Jon",*,23,3,4,0,0,1,3,0,4,4,2,0,2,2,0,7,Alabama A&M; 47 Michigan 97,12/21/17,home,W
55,"55 Brooks, Eli",*,15,0,2,0,2,0,0,0,3,3,1,4,0,0,2,0,Alabama A&M; 47 Michigan 97,12/21/17,home,W
4,"4 Livers, Isaiah",,17,3,5,2,4,1,3,2,5,7,1,2,1,1,1,9,Alabama A&M; 47 Michigan 97,12/21/17,home,W
23,"23 Watson, Ibi",,11,2,5,2,3,0,0,0,0,0,0,1,0,0,1,6,Alabama A&M; 47 Michigan 97,12/21/17,home,W
2,"2 Poole, Jordan",,13,1,3,0,1,2,2,0,1,1,0,1,1,0,1,4,Alabama A&M; 47 Michigan 97,12/21/17,home,W
51,"51 Davis, Austin",,12,2,3,0,0,0,1,1,4,5,3,0,1,1,1,4,Alabama A&M; 47 Michigan 97,12/21/17,home,W
24,"24 Baird, CJ",,3,1,2,0,1,0,0,0,0,0,0,0,0,0,0,2,Alabama A&M; 47 Michigan 97,12/21/17,home,W
25,"25 Ozeir, Naji",,3,1,1,0,0,0,0,0,1,1,1,0,0,0,1,2,Alabama A&M; 47 Michigan 97,12/21/17,home,W
3,"3 Simpson, Zavier",,14,0,1,0,1,0,0,1,1,2,2,3,2,0,0,0,Alabama A&M; 47 Michigan 97,12/21/17,home,W
5,"5 Simmons, Jaaron",,8,0,3,0,1,0,0,1,1,2,0,2,1,0,0,0,Alabama A&M; 47 Michigan 97,12/21/17,home,W
0,"0 Hibbitts, Brent",,3,0,0,0,0,0,0,0,0,0,0,1,0,0,0,0,Alabama A&M; 47 Michigan 97,12/21/17,home,W
11,"11 Wilson, Luke",,3,0,1,0,1,0,0,0,0,0,1,0,1,0,0,0,Alabama A&M; 47 Michigan 97,12/21/17,home,W
14,"14 Ozuna-Harrison, Rico",,3,0,1,0,1,0,0,0,1,1,0,0,0,0,0,0,Alabama A&M; 47 Michigan 97,12/21/17,home,W
TM,0 TEAM,,0,0,0,0,0,0,0,0,0,0,0,0,0,0,0,0,Alabama A&M; 47 Michigan 97,12/21/17,home,W
,Totals,-,200,36,60,15,32,10,18,5,26,31,16,23,12,5,10,97,Alabama A&M; 47 Michigan 97,12/21/17,home,W
12,"12 Abdur-Rahkman, M-A",*,32,7,7,2,2,4,5,0,3,3,1,2,1,1,0,20,Jacksonville 51 Michigan 76,12/30/17,home,W
1,"1 Matthews, Charles",*,29,9,15,0,3,0,0,2,5,7,2,3,4,1,0,18,Jacksonville 51 Michigan 76,12/30/17,home,W
22,"22 Robinson, Duncan",*,28,5,10,2,6,0,0,0,6,6,1,1,0,1,0,12,Jacksonville 51 Michigan 76,12/30/17,home,W
13,"13 Wagner, Moritz",*,20,3,7,1,3,0,0,1,5,6,1,1,4,2,0,7,Jacksonville 51 Michigan 76,12/30/17,home,W
55,"55 Brooks, Eli",*,23,0,2,0,2,0,0,1,1,2,0,1,1,0,1,0,Jacksonville 51 Michigan 76,12/30/17,home,W
2,"2 Poole, Jordan",,12,3,5,2,4,2,2,1,1,2,1,0,1,0,1,10,Jacksonville 51 Michigan 76,12/30/17,home,W
23,"23 Watson, Ibi",,4,1,3,1,2,0,0,0,0,0,0,0,0,0,0,3,Jacksonville 51 Michigan 76,12/30/17,home,W
3,"3 Simpson, Zavier",,17,1,2,0,1,0,0,0,3,3,0,5,1,0,0,2,Jacksonville 51 Michigan 76,12/30/17,home,W
15,"15 Teske, Jon",,17,1,3,0,0,0,2,2,4,6,1,0,2,0,1,2,Jacksonville 51 Michigan 76,12/30/17,home,W
4,"4 Livers, Isaiah",,12,1,1,0,0,0,0,0,0,0,0,0,0,0,0,2,Jacksonville 51 Michigan 76,12/30/17,home,W
5,"5 Simmons, Jaaron",,3,0,0,0,0,0,0,0,1,1,0,2,0,0,0,0,Jacksonville 51 Michigan 76,12/30/17,home,W
51,"51 Davis, Austin",,3,0,0,0,0,0,0,0,2,2,0,0,0,0,0,0,Jacksonville 51 Michigan 76,12/30/17,home,W
TM,0 TEAM,,0,0,0,0,0,0,0,1,2,3,0,0,0,0,0,0,Jacksonville 51 Michigan 76,12/30/17,home,W
,Totals,-,200,31,55,8,23,6,9,8,33,41,7,15,14,5,3,76,Jacksonville 51 Michigan 76,12/30/17,home,W
12,"12 Abdur-Rahkman, M-A",*,37,5,13,3,8,2,2,1,6,7,1,6,0,0,2,15,Michigan 75 Iowa 68,01/02/18,away,W
1,"1 Matthews, Charles",*,36,5,11,1,4,3,4,0,7,7,3,0,2,0,1,14,Michigan 75 Iowa 68,01/02/18,away,W
22,"22 Robinson, Duncan",*,13,1,5,1,3,2,2,0,0,0,3,2,1,0,0,5,Michigan 75 Iowa 68,01/02/18,away,W
13,"13 Wagner, Moritz",*,16,2,6,0,1,0,0,2,2,4,2,0,2,0,0,4,Michigan 75 Iowa 68,01/02/18,away,W
55,"55 Brooks, Eli",*,8,0,0,0,0,0,0,0,0,0,0,0,1,0,0,0,Michigan 75 Iowa 68,01/02/18,away,W
3,"3 Simpson, Zavier",,32,6,9,2,4,1,2,0,3,3,1,7,0,0,2,15,Michigan 75 Iowa 68,01/02/18,away,W
4,"4 Livers, Isaiah",,27,5,6,3,3,0,0,1,1,2,1,3,1,0,2,13,Michigan 75 Iowa 68,01/02/18,away,W
15,"15 Teske, Jon",,24,3,5,0,0,0,0,2,5,7,3,0,0,0,0,6,Michigan 75 Iowa 68,01/02/18,away,W
2,"2 Poole, Jordan",,5,1,2,1,2,0,0,0,0,0,1,0,0,0,1,3,Michigan 75 Iowa 68,01/02/18,away,W
23,"23 Watson, Ibi",,2,0,0,0,0,0,0,0,0,0,0,0,0,0,0,0,Michigan 75 Iowa 68,01/02/18,away,W
TM,0 TEAM,,0,0,0,0,0,0,0,0,0,0,0,0,3,0,0,0,Michigan 75 Iowa 68,01/02/18,away,W
,Totals,-,200,28,57,11,25,8,10,6,24,30,15,18,10,0,8,75,Michigan 75 Iowa 68,01/02/18,away,W
13,"13 Wagner, Moritz",*,23,6,7,1,1,1,1,0,7,7,3,0,2,3,0,14,Illinois 69 Michigan 79,01/06/18,home,W
12,"12 Abdur-Rahkman, M-A",*,36,4,9,1,4,4,4,0,4,4,4,4,1,1,2,13,Illinois 69 Michigan 79,01/06/18,home,W
22,"22 Robinson, Duncan",*,26,4,8,1,5,4,4,0,1,1,2,0,2,0,0,13,Illinois 69 Michigan 79,01/06/18,home,W
1,"1 Matthews, Charles",*,16,4,4,1,1,1,2,0,0,0,3,2,1,0,0,10,Illinois 69 Michigan 79,01/06/18,home,W
3,"3 Simpson, Zavier",*,32,1,5,0,2,3,6,0,3,3,3,7,5,0,2,5,Illinois 69 Michigan 79,01/06/18,home,W
4,"4 Livers, Isaiah",,18,5,7,2,3,0,0,1,0,1,0,0,0,0,0,12,Illinois 69 Michigan 79,01/06/18,home,W
2,"2 Poole, Jordan",,19,2,3,2,3,5,5,1,1,2,0,1,0,0,2,11,Illinois 69 Michigan 79,01/06/18,home,W
5,"5 Simmons, Jaaron",,4,0,1,0,0,1,2,0,1,1,0,1,2,0,0,1,Illinois 69 Michigan 79,01/06/18,home,W
15,"15 Teske, Jon",,17,0,1,0,0,0,0,2,0,2,2,2,1,1,1,0,Illinois 69 Michigan 79,01/06/18,home,W
23,"23 Watson, Ibi",,5,0,4,0,1,0,0,1,0,1,0,0,0,0,0,0,Illinois 69 Michigan 79,01/06/18,home,W
55,"55 Brooks, Eli",,4,0,2,0,0,0,0,0,2,2,0,1,1,0,0,0,Illinois 69 Michigan 79,01/06/18,home,W
TM,0 TEAM,,0,0,0,0,0,0,0,2,1,3,0,0,0,0,0,0,Illinois 69 Michigan 79,01/06/18,home,W
,Totals,-,200,26,51,8,20,19,24,7,20,27,17,18,15,5,7,79,Illinois 69 Michigan 79,01/06/18,home,W
3,"3 Simpson, Zavier",*,32,6,10,2,3,1,2,1,5,6,1,5,1,0,0,15,Purdue 70 Michigan 69,01/09/18,home,L
1,"1 Matthews, Charles",*,36,5,14,3,5,1,3,2,5,7,1,2,4,1,0,14,Purdue 70 Michigan 69,01/09/18,home,L
13,"13 Wagner, Moritz",*,29,5,11,1,4,0,1,2,4,6,4,0,1,0,1,11,Purdue 70 Michigan 69,01/09/18,home,L
12,"12 Abdur-Rahkman, M-A",*,36,3,9,1,5,0,0,0,2,2,0,1,0,0,0,7,Purdue 70 Michigan 69,01/09/18,home,L
22,"22 Robinson, Duncan",*,14,1,4,0,2,2,2,0,1,1,0,0,1,1,0,4,Purdue 70 Michigan 69,01/09/18,home,L
4,"4 Livers, Isaiah",,27,4,4,2,2,0,0,0,3,3,1,1,0,0,0,10,Purdue 70 Michigan 69,01/09/18,home,L
2,"2 Poole, Jordan",,7,2,4,1,1,3,3,0,1,1,0,0,0,0,0,8,Purdue 70 Michigan 69,01/09/18,home,L
15,"15 Teske, Jon",,11,0,2,0,0,0,0,2,3,5,3,0,1,0,0,0,Purdue 70 Michigan 69,01/09/18,home,L
55,"55 Brooks, Eli",,8,0,0,0,0,0,0,2,1,3,0,0,1,0,1,0,Purdue 70 Michigan 69,01/09/18,home,L
TM,0 TEAM,,0,0,0,0,0,0,0,2,0,2,0,0,0,0,0,0,Purdue 70 Michigan 69,01/09/18,home,L
,Totals,-,200,26,58,10,22,7,11,11,25,36,10,9,9,2,2,69,Purdue 70 Michigan 69,01/09/18,home,L
13,"13 Wagner, Moritz",*,27,8,13,3,4,8,8,2,2,4,5,0,1,2,1,27,Michigan 82 Michigan State 72,01/13/18,away,W
3,"3 Simpson, Zavier",*,30,5,9,1,1,5,10,1,3,4,2,5,0,1,2,16,Michigan 82 Michigan State 72,01/13/18,away,W
12,"12 Abdur-Rahkman, M-A",*,39,3,11,1,4,7,7,0,3,3,3,3,0,0,2,14,Michigan 82 Michigan State 72,01/13/18,away,W
1,"1 Matthews, Charles",*,34,3,10,0,1,4,6,1,3,4,2,2,3,1,0,10,Michigan 82 Michigan State 72,01/13/18,away,W
4,"4 Livers, Isaiah",*,25,3,5,0,1,0,0,1,1,2,4,0,3,0,0,6,Michigan 82 Michigan State 72,01/13/18,away,W
15,"15 Teske, Jon",,8,1,2,0,0,2,2,3,1,4,3,1,0,0,0,4,Michigan 82 Michigan State 72,01/13/18,away,W
22,"22 Robinson, Duncan",,18,1,2,1,1,0,0,0,1,1,3,1,0,0,0,3,Michigan 82 Michigan State 72,01/13/18,away,W
2,"2 Poole, Jordan",,7,0,3,0,1,2,2,0,3,3,1,1,0,0,0,2,Michigan 82 Michigan State 72,01/13/18,away,W
55,"55 Brooks, Eli",,10,0,2,0,2,0,0,0,1,1,0,0,0,0,1,0,Michigan 82 Michigan State 72,01/13/18,away,W
51,"51 Davis, Austin",,2,0,0,0,0,0,0,0,1,1,2,0,0,0,0,0,Michigan 82 Michigan State 72,01/13/18,away,W
TM,0 TEAM,,0,0,0,0,0,0,0,3,1,4,0,0,0,0,0,0,Michigan 82 Michigan State 72,01/13/18,away,W
,Totals,-,200,24,57,6,15,28,35,11,20,31,25,13,7,4,6,82,Michigan 82 Michigan State 72,01/13/18,away,W
13,"13 Wagner, Moritz",*,33,6,9,4,6,2,4,1,10,11,3,0,0,1,0,18,Maryland 67 Michigan 68,01/15/18,home,W
1,"1 Matthews, Charles",*,36,3,10,0,2,1,2,1,7,8,0,6,2,2,1,7,Maryland 67 Michigan 68,01/15/18,home,W
12,"12 Abdur-Rahkman, M-A",*,33,2,9,1,2,2,2,0,0,0,1,1,1,0,0,7,Maryland 67 Michigan 68,01/15/18,home,W
4,"4 Livers, Isaiah",*,20,3,5,1,3,0,0,2,1,3,2,1,1,1,0,7,Maryland 67 Michigan 68,01/15/18,home,W
3,"3 Simpson, Zavier",*,28,2,12,0,3,1,3,1,1,2,4,5,0,0,1,5,Maryland 67 Michigan 68,01/15/18,home,W
2,"2 Poole, Jordan",,13,4,5,3,4,0,0,0,0,0,2,1,1,1,0,11,Maryland 67 Michigan 68,01/15/18,home,W
22,"22 Robinson, Duncan",,20,2,5,2,4,0,0,0,2,2,1,0,1,0,0,6,Maryland 67 Michigan 68,01/15/18,home,W
15,"15 Teske, Jon",,7,2,3,0,0,1,1,1,2,3,0,0,0,1,0,5,Maryland 67 Michigan 68,01/15/18,home,W
5,"5 Simmons, Jaaron",,6,1,2,0,1,0,0,0,0,0,2,0,0,0,0,2,Maryland 67 Michigan 68,01/15/18,home,W
55,"55 Brooks, Eli",,4,0,1,0,1,0,0,0,0,0,0,0,0,0,0,0,Maryland 67 Michigan 68,01/15/18,home,W
TM,0 TEAM,,0,0,0,0,0,0,0,0,1,1,0,0,0,0,0,0,Maryland 67 Michigan 68,01/15/18,home,W
,Totals,-,200,25,61,11,26,7,12,6,24,30,15,14,6,6,2,68,Maryland 67 Michigan 68,01/15/18,home,W
1,"1 Matthews, Charles",*,31,6,10,0,2,3,4,5,3,8,2,2,3,1,0,15,Michigan 52 Nebraska 72,01/18/18,away,L
12,"12 Abdur-Rahkman, M-A",*,33,3,11,1,4,2,4,3,1,4,1,2,2,0,1,9,Michigan 52 Nebraska 72,01/18/18,away,L
4,"4 Livers, Isaiah",*,29,3,8,2,4,0,0,1,2,3,2,0,2,0,1,8,Michigan 52 Nebraska 72,01/18/18,away,L
3,"3 Simpson, Zavier",*,21,1,4,1,1,0,0,2,2,4,1,2,2,0,0,3,Michigan 52 Nebraska 72,01/18/18,away,L
13,"13 Wagner, Moritz",*,32,1,5,0,1,0,0,0,7,7,3,0,1,0,1,2,Michigan 52 Nebraska 72,01/18/18,away,L
2,"2 Poole, Jordan",,16,2,6,0,3,1,2,0,1,1,3,0,2,0,0,5,Michigan 52 Nebraska 72,01/18/18,away,L
5,"5 Simmons, Jaaron",,9,2,2,0,0,0,0,0,0,0,1,0,0,0,0,4,Michigan 52 Nebraska 72,01/18/18,away,L
23,"23 Watson, Ibi",,5,2,4,0,1,0,0,1,1,2,0,0,0,0,0,4,Michigan 52 Nebraska 72,01/18/18,away,L
15,"15 Teske, Jon",,8,1,4,0,0,0,0,2,0,2,2,0,0,1,1,2,Michigan 52 Nebraska 72,01/18/18,away,L
22,"22 Robinson, Duncan",,11,0,2,0,2,0,0,0,1,1,2,0,0,0,0,0,Michigan 52 Nebraska 72,01/18/18,away,L
55,"55 Brooks, Eli",,5,0,0,0,0,0,0,0,0,0,2,0,0,0,0,0,Michigan 52 Nebraska 72,01/18/18,away,L
TM,0 TEAM,,0,0,0,0,0,0,0,0,0,0,0,0,0,0,0,0,Michigan 52 Nebraska 72,01/18/18,away,L
,Totals,-,200,21,56,4,18,6,10,14,18,32,19,6,12,2,4,52,Michigan 52 Nebraska 72,01/18/18,away,L
13,"13 Wagner, Moritz",*,31,6,13,2,6,2,2,1,5,6,3,1,1,0,0,16,Rutgers 47 Michigan 62,01/21/18,home,W
1,"1 Matthews, Charles",*,33,4,12,1,4,1,3,0,3,3,1,1,2,0,1,10,Rutgers 47 Michigan 62,01/21/18,home,W
3,"3 Simpson, Zavier",*,32,4,7,1,1,1,1,1,7,8,2,4,1,0,0,10,Rutgers 47 Michigan 62,01/21/18,home,W
12,"12 Abdur-Rahkman, M-A",*,35,1,3,0,2,4,5,1,2,3,2,4,0,0,0,6,Rutgers 47 Michigan 62,01/21/18,home,W
4,"4 Livers, Isaiah",*,10,0,3,0,2,0,0,2,1,3,2,0,0,0,0,0,Rutgers 47 Michigan 62,01/21/18,home,W
22,"22 Robinson, Duncan",,30,4,8,4,8,0,0,0,5,5,3,4,2,1,1,12,Rutgers 47 Michigan 62,01/21/18,home,W
2,"2 Poole, Jordan",,9,2,2,0,0,0,0,0,1,1,0,1,2,1,0,4,Rutgers 47 Michigan 62,01/21/18,home,W
15,"15 Teske, Jon",,9,1,2,0,0,0,0,0,0,0,1,0,0,0,1,2,Rutgers 47 Michigan 62,01/21/18,home,W
5,"5 Simmons, Jaaron",,8,1,4,0,2,0,0,0,2,2,1,1,1,0,1,2,Rutgers 47 Michigan 62,01/21/18,home,W
23,"23 Watson, Ibi",,3,0,0,0,0,0,0,0,0,0,0,0,0,0,0,0,Rutgers 47 Michigan 62,01/21/18,home,W
TM,0 TEAM,,0,0,0,0,0,0,0,1,1,2,0,0,0,0,0,0,Rutgers 47 Michigan 62,01/21/18,home,W
,Totals,-,200,23,54,8,25,8,11,6,27,33,15,16,9,2,4,62,Rutgers 47 Michigan 62,01/21/18,home,W
12,"12 Abdur-Rahkman, M-A",*,37,10,15,6,9,0,2,0,3,3,2,1,0,0,1,26,Michigan 88 Purdue 92,01/25/18,away,L
3,"3 Simpson, Zavier",*,37,7,13,1,2,1,3,0,3,3,3,5,1,0,2,16,Michigan 88 Purdue 92,01/25/18,away,L
13,"13 Wagner, Moritz",*,25,6,12,3,7,0,0,2,2,4,4,1,4,1,1,15,Michigan 88 Purdue 92,01/25/18,away,L
1,"1 Matthews, Charles",*,33,4,7,0,0,2,2,1,3,4,3,6,3,1,0,10,Michigan 88 Purdue 92,01/25/18,away,L
4,"4 Livers, Isaiah",*,32,1,3,1,2,0,0,1,3,4,2,0,0,1,0,3,Michigan 88 Purdue 92,01/25/18,away,L
15,"15 Teske, Jon",,14,3,3,0,0,2,2,3,0,3,1,1,0,0,0,8,Michigan 88 Purdue 92,01/25/18,away,L
2,"2 Poole, Jordan",,11,2,3,1,2,0,0,0,0,0,2,0,0,0,1,5,Michigan 88 Purdue 92,01/25/18,away,L
22,"22 Robinson, Duncan",,8,2,2,1,1,0,0,0,0,0,2,0,0,0,0,5,Michigan 88 Purdue 92,01/25/18,away,L
5,"5 Simmons, Jaaron",,3,0,0,0,0,0,0,0,0,0,1,0,3,0,0,0,Michigan 88 Purdue 92,01/25/18,away,L
TM,0 TEAM,,0,0,0,0,0,0,0,2,2,4,0,0,0,0,0,0,Michigan 88 Purdue 92,01/25/18,away,L
,Totals,-,200,35,58,13,23,5,9,9,16,25,20,14,11,3,5,88,Michigan 88 Purdue 92,01/25/18,away,L
1,"1 Matthews, Charles",*,26,6,11,2,3,0,0,0,7,7,3,0,2,0,3,14,Northwestern 47 Michigan 58,01/29/18,home,W
12,"12 Abdur-Rahkman, M-A",*,38,3,6,1,4,4,4,1,3,4,1,3,0,0,0,11,Northwestern 47 Michigan 58,01/29/18,home,W
13,"13 Wagner, Moritz",*,28,3,7,1,3,1,3,1,7,8,4,0,2,0,2,8,Northwestern 47 Michigan 58,01/29/18,home,W
3,"3 Simpson, Zavier",*,27,1,4,0,2,2,4,0,1,1,1,3,1,0,0,4,Northwestern 47 Michigan 58,01/29/18,home,W
4,"4 Livers, Isaiah",*,14,1,1,1,1,0,0,0,0,0,0,0,0,0,0,3,Northwestern 47 Michigan 58,01/29/18,home,W
22,"22 Robinson, Duncan",,27,3,9,0,6,2,2,0,0,0,1,3,0,0,1,8,Northwestern 47 Michigan 58,01/29/18,home,W
2,"2 Poole, Jordan",,24,3,10,2,6,0,0,0,2,2,1,3,0,1,1,8,Northwestern 47 Michigan 58,01/29/18,home,W
15,"15 Teske, Jon",,11,1,2,0,0,0,0,1,4,5,1,0,0,0,1,2,Northwestern 47 Michigan 58,01/29/18,home,W
55,"55 Brooks, Eli",,5,0,0,0,0,0,1,1,0,1,1,1,0,0,0,0,Northwestern 47 Michigan 58,01/29/18,home,W
TM,0 TEAM,,0,0,0,0,0,0,0,0,0,0,0,0,0,0,0,0,Northwestern 47 Michigan 58,01/29/18,home,W
,Totals,-,200,21,50,7,25,9,14,4,24,28,13,13,5,1,8,58,Northwestern 47 Michigan 58,01/29/18,home,W
12,"12 Abdur-Rahkman, M-A",*,43,6,12,2,5,3,7,1,3,4,2,3,1,0,0,17,Minnesota 73 Michigan 76,02/03/18,home,W
13,"13 Wagner, Moritz",*,39,5,13,3,9,3,4,2,8,10,3,0,1,0,0,16,Minnesota 73 Michigan 76,02/03/18,home,W
3,"3 Simpson, Zavier",*,42,7,14,1,8,0,2,0,4,4,2,3,2,0,1,15,Minnesota 73 Michigan 76,02/03/18,home,W
1,"1 Matthews, Charles",*,36,4,11,0,1,5,12,3,8,11,2,3,0,0,0,13,Minnesota 73 Michigan 76,02/03/18,home,W
4,"4 Livers, Isaiah",*,17,2,3,1,2,0,1,2,3,5,2,0,0,2,0,5,Minnesota 73 Michigan 76,02/03/18,home,W
22,"22 Robinson, Duncan",,28,4,6,1,3,1,1,2,2,4,2,2,1,0,0,10,Minnesota 73 Michigan 76,02/03/18,home,W
2,"2 Poole, Jordan",,12,0,4,0,4,0,0,0,1,1,1,0,0,0,0,0,Minnesota 73 Michigan 76,02/03/18,home,W
15,"15 Teske, Jon",,5,0,0,0,0,0,1,0,0,0,2,0,1,0,0,0,Minnesota 73 Michigan 76,02/03/18,home,W
55,"55 Brooks, Eli",,3,0,0,0,0,0,0,0,0,0,1,1,0,0,0,0,Minnesota 73 Michigan 76,02/03/18,home,W
TM,0 TEAM,,0,0,0,0,0,0,0,1,3,4,0,0,0,0,0,0,Minnesota 73 Michigan 76,02/03/18,home,W
,Totals,-,225,28,63,8,32,12,28,11,32,43,17,12,6,2,1,76,Minnesota 73 Michigan 76,02/03/18,home,W
13,"13 Wagner, Moritz",*,36,7,10,1,4,5,8,2,7,9,1,2,1,1,1,20,Michigan 52 Northwestern 61,02/06/18,away,L
12,"12 Abdur-Rahkman, M-A",*,37,3,7,1,2,4,6,0,3,3,3,2,1,0,1,11,Michigan 52 Northwestern 61,02/06/18,away,L
3,"3 Simpson, Zavier",*,37,2,6,0,4,2,3,0,3,3,2,5,1,0,0,6,Michigan 52 Northwestern 61,02/06/18,away,L
1,"1 Matthews, Charles",*,26,2,7,1,3,0,0,2,1,3,4,0,3,0,0,5,Michigan 52 Northwestern 61,02/06/18,away,L
4,"4 Livers, Isaiah",*,2,1,2,0,0,0,0,0,0,0,1,0,0,0,1,2,Michigan 52 Northwestern 61,02/06/18,away,L
2,"2 Poole, Jordan",,18,1,6,1,5,2,2,0,3,3,4,2,1,1,0,5,Michigan 52 Northwestern 61,02/06/18,away,L
22,"22 Robinson, Duncan",,36,1,6,1,4,0,0,1,5,6,2,2,0,0,1,3,Michigan 52 Northwestern 61,02/06/18,away,L
15,"15 Teske, Jon",,4,0,0,0,0,0,0,0,0,0,1,0,0,0,0,0,Michigan 52 Northwestern 61,02/06/18,away,L
55,"55 Brooks, Eli",,3,0,0,0,0,0,0,0,0,0,0,0,1,0,0,0,Michigan 52 Northwestern 61,02/06/18,away,L
23,"23 Watson, Ibi",,1,0,0,0,0,0,0,0,0,0,0,0,0,0,0,0,Michigan 52 Northwestern 61,02/06/18,away,L
TM,0 TEAM,,0,0,0,0,0,0,0,0,0,0,0,0,1,0,0,0,Michigan 52 Northwestern 61,02/06/18,away,L
,Totals,-,200,17,44,5,22,13,19,5,22,27,18,13,9,2,4,52,Michigan 52 Northwestern 61,02/06/18,away,L
13,"13 Wagner, Moritz",*,32,8,14,3,6,1,1,2,9,11,5,2,1,2,0,20,Michigan 83 Wisconsin 72,02/11/18,away,W
22,"22 Robinson, Duncan",*,37,5,9,4,7,2,2,1,0,1,0,1,0,0,0,16,Michigan 83 Wisconsin 72,02/11/18,away,W
12,"12 Abdur-Rahkman, M-A",*,34,4,10,0,3,7,8,0,3,3,1,4,0,0,1,15,Michigan 83 Wisconsin 72,02/11/18,away,W
1,"1 Matthews, Charles",*,30,5,7,0,0,1,1,3,3,6,3,2,4,1,0,11,Michigan 83 Wisconsin 72,02/11/18,away,W
3,"3 Simpson, Zavier",*,28,2,4,0,1,0,2,0,4,4,1,6,1,0,1,4,Michigan 83 Wisconsin 72,02/11/18,away,W
2,"2 Poole, Jordan",,13,2,4,1,2,3,4,0,2,2,2,0,1,0,0,8,Michigan 83 Wisconsin 72,02/11/18,away,W
15,"15 Teske, Jon",,9,1,1,0,0,2,2,0,1,1,3,0,0,0,0,4,Michigan 83 Wisconsin 72,02/11/18,away,W
5,"5 Simmons, Jaaron",,10,1,1,1,1,0,0,0,1,1,0,0,1,0,0,3,Michigan 83 Wisconsin 72,02/11/18,away,W
23,"23 Watson, Ibi",,5,0,0,0,0,2,4,2,1,3,0,0,0,0,0,2,Michigan 83 Wisconsin 72,02/11/18,away,W
51,"51 Davis, Austin",,2,0,0,0,0,0,0,0,0,0,1,0,0,0,0,0,Michigan 83 Wisconsin 72,02/11/18,away,W
TM,0 TEAM,,0,0,0,0,0,0,0,0,1,1,0,0,0,0,0,0,Michigan 83 Wisconsin 72,02/11/18,away,W
,Totals,-,200,28,50,9,20,18,24,8,25,33,16,15,8,3,2,83,Michigan 83 Wisconsin 72,02/11/18,away,W
12,"12 Abdur-Rahkman, M-A",*,37,7,13,2,7,2,4,0,3,3,1,7,0,0,2,18,Iowa 59 Michigan 74,02/14/18,home,W
13,"13 Wagner, Moritz",*,24,6,14,2,6,0,1,3,2,5,4,0,0,0,4,14,Iowa 59 Michigan 74,02/14/18,home,W
1,"1 Matthews, Charles",*,31,4,16,0,3,2,4,4,4,8,1,1,0,1,1,10,Iowa 59 Michigan 74,02/14/18,home,W
4,"4 Livers, Isaiah",*,21,1,3,1,2,0,0,0,2,2,0,1,0,1,0,3,Iowa 59 Michigan 74,02/14/18,home,W
3,"3 Simpson, Zavier",*,25,0,1,0,1,0,0,0,3,3,0,4,3,0,0,0,Iowa 59 Michigan 74,02/14/18,home,W
22,"22 Robinson, Duncan",,26,6,9,6,8,0,0,0,0,0,4,1,0,0,2,18,Iowa 59 Michigan 74,02/14/18,home,W
5,"5 Simmons, Jaaron",,12,2,3,1,2,0,0,0,2,2,0,4,1,0,1,5,Iowa 59 Michigan 74,02/14/18,home,W
15,"15 Teske, Jon",,16,2,4,0,0,0,1,3,5,8,3,1,0,0,3,4,Iowa 59 Michigan 74,02/14/18,home,W
2,"2 Poole, Jordan",,8,0,4,0,4,2,2,0,0,0,0,0,1,0,0,2,Iowa 59 Michigan 74,02/14/18,home,W
TM,0 TEAM,,0,0,0,0,0,0,0,1,1,2,0,0,1,0,0,0,Iowa 59 Michigan 74,02/14/18,home,W
,Totals,-,200,28,67,12,33,6,12,11,22,33,13,19,6,2,13,74,Iowa 59 Michigan 74,02/14/18,home,W
12,"12 Abdur-Rahkman, M-A",*,38,5,13,2,6,5,6,0,2,2,3,3,0,0,0,17,Ohio State 62 Michigan 74,02/18/18,home,W
3,"3 Simpson, Zavier",*,30,4,7,1,2,4,6,0,3,3,0,3,0,0,2,13,Ohio State 62 Michigan 74,02/18/18,home,W
13,"13 Wagner, Moritz",*,23,5,9,0,2,2,3,0,7,7,4,1,0,1,2,12,Ohio State 62 Michigan 74,02/18/18,home,W
1,"1 Matthews, Charles",*,25,3,6,0,2,0,1,0,7,7,3,3,4,0,1,6,Ohio State 62 Michigan 74,02/18/18,home,W
4,"4 Livers, Isaiah",*,16,0,2,0,1,0,1,0,1,1,3,0,1,0,0,0,Ohio State 62 Michigan 74,02/18/18,home,W
2,"2 Poole, Jordan",,19,5,8,4,5,1,1,0,1,1,1,1,0,0,0,15,Ohio State 62 Michigan 74,02/18/18,home,W
15,"15 Teske, Jon",,16,2,2,0,0,1,2,1,3,4,2,0,0,1,1,5,Ohio State 62 Michigan 74,02/18/18,home,W
22,"22 Robinson, Duncan",,24,0,3,0,2,4,4,0,1,1,1,0,0,0,0,4,Ohio State 62 Michigan 74,02/18/18,home,W
5,"5 Simmons, Jaaron",,9,1,2,0,0,0,0,1,0,1,0,1,1,0,0,2,Ohio State 62 Michigan 74,02/18/18,home,W
TM,0 TEAM,,0,0,0,0,0,0,0,2,1,3,0,0,1,0,0,0,Ohio State 62 Michigan 74,02/18/18,home,W
,Totals,-,200,25,52,7,20,17,24,4,26,30,17,12,7,2,6,74,Ohio State 62 Michigan 74,02/18/18,home,W
13,"13 Wagner, Moritz",*,28,5,9,4,5,4,4,1,7,8,3,1,1,0,0,18,Michigan 72 Penn State 63,02/21/18,away,W
12,"12 Abdur-Rahkman, M-A",*,38,3,6,1,3,2,4,0,2,2,2,5,4,0,2,9,Michigan 72 Penn State 63,02/21/18,away,W
3,"3 Simpson, Zavier",*,32,4,10,0,3,1,2,1,5,6,1,4,1,0,3,9,Michigan 72 Penn State 63,02/21/18,away,W
4,"4 Livers, Isaiah",*,9,0,0,0,0,2,2,0,0,0,0,1,0,0,0,2,Michigan 72 Penn State 63,02/21/18,away,W
1,"1 Matthews, Charles",*,17,0,5,0,1,0,0,1,2,3,1,2,3,2,1,0,Michigan 72 Penn State 63,02/21/18,away,W
22,"22 Robinson, Duncan",,32,6,9,3,6,4,4,1,3,4,3,0,1,3,1,19,Michigan 72 Penn State 63,02/21/18,away,W
2,"2 Poole, Jordan",,26,4,8,2,2,3,3,0,4,4,3,1,1,0,1,13,Michigan 72 Penn State 63,02/21/18,away,W
55,"55 Brooks, Eli",,2,1,2,0,1,0,0,0,1,1,0,0,0,0,0,2,Michigan 72 Penn State 63,02/21/18,away,W
15,"15 Teske, Jon",,12,0,2,0,0,0,0,1,3,4,0,1,0,1,0,0,Michigan 72 Penn State 63,02/21/18,away,W
5,"5 Simmons, Jaaron",,4,0,0,0,0,0,0,0,0,0,2,0,0,0,0,0,Michigan 72 Penn State 63,02/21/18,away,W
TM,0 TEAM,,0,0,0,0,0,0,0,1,1,2,0,0,1,0,0,0,Michigan 72 Penn State 63,02/21/18,away,W
,Totals,-,200,23,51,10,21,16,19,6,28,34,15,15,12,6,8,72,Michigan 72 Penn State 63,02/21/18,away,W
12,"12 Abdur-Rahkman, M-A",*,33,10,21,6,13,2,2,2,6,8,1,7,2,2,1,28,Michigan 85 Maryland 61,02/24/18,away,W
1,"1 Matthews, Charles",*,25,4,6,2,3,1,2,2,3,5,2,2,2,1,0,11,Michigan 85 Maryland 61,02/24/18,away,W
3,"3 Simpson, Zavier",*,24,4,7,1,2,1,2,1,1,2,3,1,2,0,1,10,Michigan 85 Maryland 61,02/24/18,away,W
13,"13 Wagner, Moritz",*,29,2,3,0,0,4,5,1,3,4,4,2,0,0,1,8,Michigan 85 Maryland 61,02/24/18,away,W
4,"4 Livers, Isaiah",*,11,0,1,0,1,0,0,0,0,0,0,0,1,0,0,0,Michigan 85 Maryland 61,02/24/18,away,W
2,"2 Poole, Jordan",,22,3,5,3,5,3,3,0,3,3,1,1,0,0,1,12,Michigan 85 Maryland 61,02/24/18,away,W
22,"22 Robinson, Duncan",,29,2,6,2,4,1,2,0,4,4,2,2,1,1,1,7,Michigan 85 Maryland 61,02/24/18,away,W
5,"5 Simmons, Jaaron",,9,3,3,1,1,0,0,0,1,1,3,1,0,0,0,7,Michigan 85 Maryland 61,02/24/18,away,W
51,"51 Davis, Austin",,1,1,1,0,0,0,0,1,0,1,0,0,0,1,0,2,Michigan 85 Maryland 61,02/24/18,away,W
15,"15 Teske, Jon",,10,0,0,0,0,0,0,1,0,1,1,2,0,0,1,0,Michigan 85 Maryland 61,02/24/18,away,W
55,"55 Brooks, Eli",,6,0,3,0,1,0,0,0,0,0,1,0,0,0,0,0,Michigan 85 Maryland 61,02/24/18,away,W
23,"23 Watson, Ibi",,1,0,1,0,1,0,0,0,0,0,0,0,0,0,0,0,Michigan 85 Maryland 61,02/24/18,away,W
TM,0 TEAM,,0,0,0,0,0,0,0,0,2,2,0,0,0,0,0,0,Michigan 85 Maryland 61,02/24/18,away,W
,Totals,-,200,29,57,15,31,12,16,8,23,31,18,18,8,5,6,85,Michigan 85 Maryland 61,02/24/18,away,W
1,"1 Matthews, Charles",*,41,5,10,0,0,6,10,2,6,8,1,2,0,0,0,16,Iowa 71 Michigan 77,03/01/18,neutral,W
3,"3 Simpson, Zavier",*,39,5,13,0,4,2,5,0,5,5,2,3,2,0,1,12,Iowa 71 Michigan 77,03/01/18,neutral,W
13,"13 Wagner, Moritz",*,16,4,8,0,2,3,5,0,3,3,5,1,1,0,0,11,Iowa 71 Michigan 77,03/01/18,neutral,W
12,"12 Abdur-Rahkman, M-A",*,22,4,7,0,1,1,3,3,2,5,5,3,0,0,2,9,Iowa 71 Michigan 77,03/01/18,neutral,W
4,"4 Livers, Isaiah",*,20,3,5,0,2,3,3,0,2,2,2,0,1,0,1,9,Iowa 71 Michigan 77,03/01/18,neutral,W
22,"22 Robinson, Duncan",,27,3,7,3,6,2,2,1,4,5,3,0,0,0,2,11,Iowa 71 Michigan 77,03/01/18,neutral,W
2,"2 Poole, Jordan",,27,3,7,0,4,0,0,0,4,4,1,1,3,0,1,6,Iowa 71 Michigan 77,03/01/18,neutral,W
15,"15 Teske, Jon",,28,1,5,0,0,1,4,4,5,9,2,0,0,2,1,3,Iowa 71 Michigan 77,03/01/18,neutral,W
5,"5 Simmons, Jaaron",,5,0,0,0,0,0,0,0,0,0,1,1,0,0,0,0,Iowa 71 Michigan 77,03/01/18,neutral,W
TM,0 TEAM,,0,0,0,0,0,0,0,1,0,1,0,0,2,0,0,0,Iowa 71 Michigan 77,03/01/18,neutral,W
,Totals,-,225,28,62,3,19,18,32,11,31,42,22,11,9,2,8,77,Iowa 71 Michigan 77,03/01/18,neutral,W
12,"12 Abdur-Rahkman, M-A",*,36,7,13,5,5,2,3,1,3,4,2,1,1,0,0,21,Michigan 77 Nebraska 58,03/02/18,neutral,W
13,"13 Wagner, Moritz",*,33,9,16,2,4,0,0,3,10,13,3,1,2,2,1,20,Michigan 77 Nebraska 58,03/02/18,neutral,W
3,"3 Simpson, Zavier",*,35,4,8,0,0,4,4,1,1,2,1,6,3,0,2,12,Michigan 77 Nebraska 58,03/02/18,neutral,W
1,"1 Matthews, Charles",*,20,0,2,0,1,4,4,1,4,5,3,1,1,2,0,4,Michigan 77 Nebraska 58,03/02/18,neutral,W
4,"4 Livers, Isaiah",*,10,0,1,0,1,0,0,1,1,2,2,0,1,0,0,0,Michigan 77 Nebraska 58,03/02/18,neutral,W
22,"22 Robinson, Duncan",,29,6,9,4,7,0,0,0,4,4,3,1,0,0,0,16,Michigan 77 Nebraska 58,03/02/18,neutral,W
2,"2 Poole, Jordan",,16,1,9,0,3,0,0,1,0,1,1,2,1,0,1,2,Michigan 77 Nebraska 58,03/02/18,neutral,W
23,"23 Watson, Ibi",,7,0,2,0,2,1,2,2,1,3,1,0,0,0,0,1,Michigan 77 Nebraska 58,03/02/18,neutral,W
15,"15 Teske, Jon",,6,0,0,0,0,1,2,1,1,2,3,0,0,2,0,1,Michigan 77 Nebraska 58,03/02/18,neutral,W
5,"5 Simmons, Jaaron",,6,0,0,0,0,0,0,0,1,1,0,0,0,0,0,0,Michigan 77 Nebraska 58,03/02/18,neutral,W
51,"51 Davis, Austin",,1,0,1,0,0,0,0,1,0,1,0,0,0,0,0,0,Michigan 77 Nebraska 58,03/02/18,neutral,W
55,"55 Brooks, Eli",,1,0,0,0,0,0,0,0,0,0,1,0,0,0,0,0,Michigan 77 Nebraska 58,03/02/18,neutral,W
TM,0 TEAM,,0,0,0,0,0,0,0,1,2,3,0,0,0,0,0,0,Michigan 77 Nebraska 58,03/02/18,neutral,W
,Totals,-,200,27,61,11,23,12,15,13,28,41,20,12,9,6,4,77,Michigan 77 Nebraska 58,03/02/18,neutral,W
12,"12 Abdur-Rahkman, M-A",*,38,6,11,3,6,0,0,0,3,3,1,3,1,0,2,15,Michigan 75 Michigan State 64,03/03/18,neutral,W
3,"3 Simpson, Zavier",*,32,4,8,1,3,6,8,0,7,7,2,2,2,0,0,15,Michigan 75 Michigan State 64,03/03/18,neutral,W
13,"13 Wagner, Moritz",*,28,4,14,1,7,6,8,1,7,8,3,0,0,0,1,15,Michigan 75 Michigan State 64,03/03/18,neutral,W
1,"1 Matthews, Charles",*,34,3,6,2,4,4,6,0,6,6,1,3,1,0,0,12,Michigan 75 Michigan State 64,03/03/18,neutral,W
4,"4 Livers, Isaiah",*,19,1,1,1,1,0,0,1,1,2,1,0,1,0,0,3,Michigan 75 Michigan State 64,03/03/18,neutral,W
22,"22 Robinson, Duncan",,21,2,4,1,3,8,11,1,2,3,3,0,1,0,1,13,Michigan 75 Michigan State 64,03/03/18,neutral,W
2,"2 Poole, Jordan",,8,1,2,0,1,0,0,0,2,2,0,1,2,0,1,2,Michigan 75 Michigan State 64,03/03/18,neutral,W
15,"15 Teske, Jon",,12,0,0,0,0,0,0,1,2,3,1,0,0,1,0,0,Michigan 75 Michigan State 64,03/03/18,neutral,W
5,"5 Simmons, Jaaron",,8,0,1,0,0,0,0,0,0,0,1,1,0,0,0,0,Michigan 75 Michigan State 64,03/03/18,neutral,W
TM,0 TEAM,,0,0,0,0,0,0,0,1,1,2,0,0,1,0,0,0,Michigan 75 Michigan State 64,03/03/18,neutral,W
,Totals,-,200,21,47,9,25,24,33,5,31,36,13,10,9,1,5,75,Michigan 75 Michigan State 64,03/03/18,neutral,W
13,"13 Wagner, Moritz",*,17,7,11,3,6,0,0,1,1,2,4,1,0,0,1,17,Michigan 75 Purdue 66,03/04/18,neutral,W
12,"12 Abdur-Rahkman, M-A",*,33,4,8,3,5,4,6,0,2,2,2,4,0,0,0,15,Michigan 75 Purdue 66,03/04/18,neutral,W
3,"3 Simpson, Zavier",*,34,4,7,1,3,1,5,0,5,5,0,5,2,0,2,10,Michigan 75 Purdue 66,03/04/18,neutral,W
1,"1 Matthews, Charles",*,33,2,6,1,2,3,5,0,3,3,0,3,1,0,1,8,Michigan 75 Purdue 66,03/04/18,neutral,W
4,"4 Livers, Isaiah",*,8,1,1,0,0,0,0,0,1,1,0,0,0,0,0,2,Michigan 75 Purdue 66,03/04/18,neutral,W
15,"15 Teske, Jon",,21,6,9,0,0,2,3,1,0,1,4,2,1,1,0,14,Michigan 75 Purdue 66,03/04/18,neutral,W
22,"22 Robinson, Duncan",,32,2,7,0,4,2,2,2,1,3,3,2,0,1,1,6,Michigan 75 Purdue 66,03/04/18,neutral,W
2,"2 Poole, Jordan",,14,0,1,0,1,3,4,0,4,4,2,1,1,0,1,3,Michigan 75 Purdue 66,03/04/18,neutral,W
5,"5 Simmons, Jaaron",,6,0,2,0,2,0,0,0,2,2,1,0,0,0,0,0,Michigan 75 Purdue 66,03/04/18,neutral,W
51,"51 Davis, Austin",,2,0,0,0,0,0,0,0,0,0,0,0,0,0,0,0,Michigan 75 Purdue 66,03/04/18,neutral,W
TM,0 TEAM,,0,0,0,0,0,0,0,1,2,3,0,0,0,0,0,0,Michigan 75 Purdue 66,03/04/18,neutral,W
,Totals,-,200,26,52,8,23,15,25,5,21,26,16,18,5,2,6,75,Michigan 75 Purdue 66,03/04/18,neutral,W
1,"1 Matthews, Charles",*,38,7,13,0,3,6,8,0,11,11,1,1,5,0,0,20,Montana 47 Michigan 61,03/15/18,neutral,W
12,"12 Abdur-Rahkman, M-A",*,34,3,11,1,6,4,7,0,5,5,1,2,3,0,2,11,Montana 47 Michigan 61,03/15/18,neutral,W
13,"13 Wagner, Moritz",*,32,2,6,1,1,0,0,2,4,6,4,2,3,0,0,5,Montana 47 Michigan 61,03/15/18,neutral,W
3,"3 Simpson, Zavier",*,21,2,3,1,1,0,0,0,5,5,4,4,2,0,0,5,Montana 47 Michigan 61,03/15/18,neutral,W
4,"4 Livers, Isaiah",*,15,0,2,0,1,0,0,1,3,4,0,0,0,0,0,0,Montana 47 Michigan 61,03/15/18,neutral,W
22,"22 Robinson, Duncan",,25,2,4,1,3,2,2,0,0,0,4,0,0,1,1,7,Montana 47 Michigan 61,03/15/18,neutral,W
5,"5 Simmons, Jaaron",,14,3,3,0,0,0,1,0,1,1,0,0,0,0,0,6,Montana 47 Michigan 61,03/15/18,neutral,W
2,"2 Poole, Jordan",,8,1,2,1,1,0,0,0,1,1,0,0,0,0,0,3,Montana 47 Michigan 61,03/15/18,neutral,W
15,"15 Teske, Jon",,8,0,2,0,0,2,4,2,0,2,0,1,0,2,1,2,Montana 47 Michigan 61,03/15/18,neutral,W
55,"55 Brooks, Eli",,5,1,1,0,0,0,0,0,0,0,0,1,0,0,0,2,Montana 47 Michigan 61,03/15/18,neutral,W
TM,0 TEAM,,0,0,0,0,0,0,0,0,1,1,0,0,1,0,0,0,Montana 47 Michigan 61,03/15/18,neutral,W
,Totals,-,200,21,47,5,16,14,22,5,31,36,14,11,14,3,4,61,Montana 47 Michigan 61,03/15/18,neutral,W
12,"12 Abdur-Rahkman, M-A",*,39,4,15,0,6,4,4,0,3,3,2,3,1,0,0,12,Houston 63 Michigan 64,03/17/18,neutral,W
13,"13 Wagner, Moritz",*,23,5,9,2,4,0,2,1,6,7,4,3,1,1,0,12,Houston 63 Michigan 64,03/17/18,neutral,W
1,"1 Matthews, Charles",*,27,5,12,1,4,0,0,2,3,5,5,2,1,0,1,11,Houston 63 Michigan 64,03/17/18,neutral,W
3,"3 Simpson, Zavier",*,37,1,7,0,4,2,4,3,5,8,0,4,3,1,2,4,Houston 63 Michigan 64,03/17/18,neutral,W
4,"4 Livers, Isaiah",*,10,0,1,0,1,0,0,1,1,2,2,0,0,0,0,0,Houston 63 Michigan 64,03/17/18,neutral,W
22,"22 Robinson, Duncan",,30,3,9,3,7,2,2,0,2,2,5,0,1,1,0,11,Houston 63 Michigan 64,03/17/18,neutral,W
2,"2 Poole, Jordan",,11,3,5,2,4,0,0,0,2,2,2,0,0,0,1,8,Houston 63 Michigan 64,03/17/18,neutral,W
15,"15 Teske, Jon",,17,0,0,0,0,6,8,0,4,4,2,0,0,2,0,6,Houston 63 Michigan 64,03/17/18,neutral,W
5,"5 Simmons, Jaaron",,3,0,0,0,0,0,0,0,0,0,0,1,0,0,0,0,Houston 63 Michigan 64,03/17/18,neutral,W
23,"23 Watson, Ibi",,3,0,1,0,0,0,0,0,0,0,0,0,0,0,0,0,Houston 63 Michigan 64,03/17/18,neutral,W
TM,0 TEAM,,0,0,0,0,0,0,0,3,2,5,0,0,0,0,0,0,Houston 63 Michigan 64,03/17/18,neutral,W
,Totals,-,200,21,59,8,30,14,20,10,28,38,22,13,7,5,4,64,Houston 63 Michigan 64,03/17/18,neutral,W
